City,State
Juneau,Alaska
Phoenix,Arizona
Little Rock,Arkansas
Los Angeles,California
Denver,Colorado
Bridgeport,Connecticut
Wilmington,Delaware
Miami,Florida
Atlanta,Georgia
Honolulu,Hawaii
Boise,Idaho
Chicago,Illinois
Indianapolis,Indiana
Davenport,Iowa
Overland Park,Kansas
Louisville,Kentucky
New Orleans,Louisiana
Portland,Maine
Baltimore,Maryland
Boston,Massachusetts
Detroit,Michigan
Mpls/St Paul,Minnesota
Jackson,Mississippi
Kansas City,Missouri
Billings,Montana
Omaha,Nebraska
Las Vegas,Nevada
Manchester,New Hampshire
Trenton,New Jersey
Albuquerque,New Mexico
New York City,New York
Greensboro,North Carolina
Fargo,North Dakota
Columbus,Ohio
Oklahoma City,Oklahoma
Portland,Oregon
Philadelphia,Pennsylvania
San Juan,Puerto Rico
Providence,Rhode Island
Columbia,South Carolina
Sioux Falls,South Dakota
Nashville,Tennessee
Houston,Texas
Salt Lake City,Utah
Burlington,Vermont
Virginia Beach, Virginia
Seattle,Washington
Charleston,West Virginia
Milwaukee,Wisconsin
Cheyenne,Wyoming